等级,物理魔法防御贯通(PM.DEF Break),防御贯通(DEF Break),命中(ACC),暴击(CRIT),弱体效果命中(Debuff ACC),防御力(DEF),物理防御力(P.DEF),魔法防御力(M.DEF),回避(EVD),暴击耐性(CRIT RES),弱体效果耐性(Debuff RES)
1,750,640,,,,1173,1773,1772,,,
2,750,640,,,,1218,1848,1847,,,
3,750,640,,,,1263,1923,1922,,,
4,750,640,,,,1309,1998,1997,,,
5,750,640,,,,1354,2073,2072,,,
6,750,640,,,,1400,2148,2147,,,
7,750,640,,,,1445,2223,2222,,,
8,750,640,,,,1491,2298,2297,,,
9,750,640,,,,1536,2373,2372,,,
10,750,640,,,,1582,2449,2447,,,
11,750,640,,,,1617,2524,2522,,,
12,750,640,,,,1641,2599,2597,,,
13,750,640,,,,1666,2674,2672,,,
14,750,640,,,,1691,2749,2747,,,
15,750,640,,,,1716,2824,2822,,,
16,750,640,,,,1741,2899,2897,,,
17,750,640,,,,1766,2974,2972,,,
18,750,640,,,,1791,3049,3047,,,
19,750,640,,,,1816,3124,3122,,,
20,750,640,,,,1841,3199,3197,,,
21,750,640,,,,1857,3274,3272,,,
22,750,640,,,,1869,3355,3353,,,
23,750,640,,,,1882,3436,3434,,,
24,750,640,,,,1895,3518,3516,,,
25,750,640,,,,1908,3599,3597,,,
26,750,640,,,,1921,3680,3678,,,
27,750,640,,,,1934,3762,3760,,,
28,750,640,,,,1947,3843,3841,,,
29,750,640,,,,1960,3924,3922,,,
30,750,640,,,,1973,4006,4004,,,
31,750,640,,,,2017,4137,4135,,,
32,750,640,,,,2049,4268,4266,,,
33,750,640,,,,2081,4399,4397,,,
34,750,640,,,,2113,4530,4528,,,
35,750,640,,,,2145,4661,4659,,,
36,750,640,,,,2177,4793,4790,,,
37,750,640,,,,2209,4924,4921,,,
38,750,640,,,,2241,5055,5052,,,
39,750,640,,,,2273,5186,5183,,,
40,750,640,,,,2305,5318,5315,,,
41,750,640,,,,2327,5449,5447,,,
42,750,640,,,,2347,5587,5586,,,
43,750,640,,,,2367,5725,5725,,,
44,750,640,,,,2388,5864,5864,,,
45,750,640,,,,2408,6002,6003,,,
46,750,640,,,,2428,6141,6142,,,
47,750,640,,,,2449,6279,6281,,,
48,750,640,,,,2469,6418,6420,,,
49,750,640,,,,2489,6556,6559,,,
50,750,640,,,,2510,6695,6698,,,
51,750,640,,,,2570,6891,6900,,,
52,750,640,,,,2616,7086,7102,,,
53,750,640,,,,2662,7282,7304,,,
54,750,640,,,,2709,7478,7506,,,
55,750,640,,,,2755,7674,7708,,,
56,750,640,,,,2802,7869,7911,,,
57,750,640,,,,2848,8065,8113,,,
58,750,640,,,,2895,8261,8315,,,
59,750,640,,,,2941,8457,8517,,,
60,750,640,,,,2988,8653,8720,,,
61,750,640,,,,3023,8849,8922,,,
62,750,640,,,,3055,9056,9135,,,
63,750,640,,,,3088,9264,9348,,,
64,750,640,,,,3121,9472,9562,,,
65,750,640,,,,3154,9680,9775,,,
66,750,640,,,,3186,9887,9989,,,
67,750,640,,,,3219,10095,10202,,,
68,750,640,,,,3252,10303,10416,,,
69,750,640,,,,3285,10511,10629,,,
70,750,640,,,,3318,10719,10843,,,
71,750,640,,,,3394,11024,11147,,,
72,750,640,,,,3455,11328,11451,,,
73,750,640,,,,3517,11632,11755,,,
74,750,640,,,,3579,11937,12059,,,
75,750,640,,,,3641,12241,12363,,,
76,750,640,,,,3702,12545,12668,,,
77,750,640,,,,3764,12850,12972,,,
78,750,640,,,,3826,13154,13276,,,
79,750,640,,,,3888,13458,13580,,,
80,750,640,,,,3950,13763,13885,,,
81,750,640,,,,3999,14067,14189,,,
82,750,640,,,,4047,14412,14533,,,
83,750,640,,,,4095,14757,14878,,,
84,750,640,,,,4144,15103,15222,,,
85,750,640,,,,4192,15448,15567,,,
86,750,640,,,,4240,15794,15911,,,
87,750,640,,,,4289,16139,16256,,,
88,750,640,,,,4337,16485,16600,,,
89,750,640,,,,4385,16830,16945,,,
90,750,640,,,,4434,17176,17290,,,
91,750,640,,,,4546,17850,17958,,,
92,788,640,,,,4648,18524,18625,,,
93,827,640,,,,4750,19198,19292,,,
94,865,640,,,,4852,19872,19959,,,
95,904,640,,,,4954,20546,20627,,,
96,933,640,,,,5047,20820,20894,,,
97,962,640,,,,5137,21080,21146,,,
98,990,640,,,,5224,21326,21384,,,
99,1018,640,,,,5307,21558,21608,,,
100,1045,640,,,,3388,21777,21820,,,
101,1086,640,,,,3820,22245,22263,,,
102,1127,640,,,,4252,22713,22707,,,
103,1168,640,,,,4684,23181,23151,,,
104,1209,640,,,,5116,23650,23595,,,
105,1251,640,,,,5548,24118,24039,,,
106,1292,641,,,,5980,24586,24483,,,
107,1333,641,,,,6412,25054,24927,,,
108,1374,641,,,,6844,25523,25370,,,
109,1415,641,,,,7276,25991,25814,,,
110,1457,641,,,,7708,26459,26258,,,
111,1498,641,,,,8140,26927,26702,,,
112,1539,642,,,,8572,27396,27146,,,
113,1580,642,,,,9004,27864,27590,,,
114,1622,642,,,,9436,28332,28034,,,
115,1663,642,,,,9868,28801,28478,,,
116,1704,642,,,,10300,29269,28921,,,
117,1745,642,,,,10732,29737,29365,,,
118,1786,643,,,,11164,30205,29809,,,
119,1828,643,,,,11596,30674,30253,,,
120,1869,643,,,,12028,31142,30697,,,
121,1910,643,,,,12460,31610,31141,,,
122,1951,643,,,,12892,32078,31585,,,
123,1992,643,,,,13324,32547,32028,,,
124,2034,644,,,,13756,33015,32472,,,
125,2075,644,,,,14188,33483,32916,,,
126,2116,644,,,,14620,33951,33360,,,
127,2157,644,,,,15052,34420,33804,,,
128,2199,644,,,,15484,34888,34248,,,
129,2240,644,,,,15916,35356,34692,,,
130,2281,645,,,,16348,35825,35136,,,
131,2322,645,,,,16780,36293,35579,,,
132,2363,645,,,,17212,36761,36023,,,
133,2405,645,,,,17644,37229,36467,,,
134,2446,645,,,,18076,37698,36911,,,
135,2487,645,,,,18508,38166,37355,,,
136,2528,646,,,,18940,38634,37799,,,
137,2570,646,,,,19372,39102,38243,,,
138,2611,646,,,,19804,39571,38686,,,
139,2652,646,,,,20236,40039,39130,,,
140,2693,646,,,,20668,40507,39574,,,
141,2734,646,,,,21100,40975,40018,,,
142,2776,647,,,,21532,41444,40462,,,
143,2817,647,,,,21964,41912,40906,,,
144,2858,647,,,,22396,42380,41350,,,
145,2899,647,,,,22828,42849,41794,,,
146,2940,647,,,,23260,43317,42237,,,
147,2982,647,,,,23692,43785,42681,,,
148,3023,648,,,,24124,44253,43125,,,
149,3064,648,,,,24556,44722,43569,,,
150,3105,648,,,,24988,45190,44013,,,
151,3147,648,,,,25420,45658,44457,,,
152,3188,648,,,,25852,46126,44901,,,
153,3229,648,,,,26284,46595,45344,,,
154,3270,649,,,,26716,47063,45788,,,
155,3311,649,,,,27148,47531,46232,,,
156,3353,649,,,,27580,47999,46676,,,
157,3394,649,,,,28012,48468,47120,,,
158,3435,649,,,,28444,48936,47564,,,
159,3476,649,,,,28876,49404,48008,,,
160,3518,650,,,,29308,49873,48452,,,
161,3608,652,,,,30526,51641,50092,,,
162,3698,654,,,,31745,53409,51733,,,
163,3788,656,,,,32964,55178,53374,,,
164,3878,658,,,,34183,56946,55014,,,
165,3968,660,,,,35401,58715,56655,,,
166,4058,662,,,,36620,60483,58296,,,
167,4148,664,,,,37839,62252,59936,,,
168,4238,666,,,,39058,64020,61577,,,
169,4328,668,,,,40276,65789,63218,,,
170,4418,670,,,,41495,67557,64858,,,
171,4508,672,,,,42714,69326,66499,,,
172,4598,674,,,,43933,71094,68140,,,
173,4688,676,,,,45151,72863,69780,,,
174,4778,678,,,,46370,74631,71421,,,
175,4868,680,,,,47589,76400,73062,,,
176,4958,682,,,,48808,78168,74702,,,
177,5048,684,,,,50026,79937,76343,,,
178,5138,686,,,,51245,81705,77984,,,
179,5228,688,,,,52464,83474,79624,,,
180,5318,690,,,,53683,85242,81265,,,
181,5408,692,,,,54901,87010,82906,,,
182,5498,694,,,,56120,88779,84546,,,
183,5588,696,,,,57339,90547,86187,,,
184,5678,698,,,,58558,92316,87828,,,
185,5768,700,,,,59776,94084,89468,,,
186,5858,702,,,,60995,95853,91109,,,
187,5948,704,,,,62214,97621,92750,,,
188,6038,706,,,,63433,99390,94390,,,
189,6128,708,,,,64651,101158,96031,,,
190,6218,710,,,,65870,102927,97672,,,
191,6308,712,,,,67089,104695,99312,,,
192,6398,714,,,,68308,106464,100953,,,
193,6488,716,,,,69526,108232,102594,,,
194,6578,718,,,,70745,110001,104234,,,
195,6668,720,,,,71964,111769,105875,,,
196,6758,722,,,,73183,113538,107516,,,
197,6848,724,,,,74401,115306,109156,,,
198,6938,726,,,,75620,117075,110797,,,
199,7028,728,,,,76839,118843,112438,,,
200,7118,730,,,,78058,120612,114079,,,
201,7208,731,,,,79797,123997,117376,,,
202,7298,732,,,,81537,127382,120674,,,
203,7388,733,,,,83277,130768,123971,,,
204,7478,734,,,,85017,134153,127269,,,
205,7568,735,,,,86757,137538,130567,,,
206,7658,736,,,,88497,140924,133864,,,
207,7748,737,,,,90237,144309,137162,,,
208,7838,738,,,,91977,147695,140459,,,
209,7928,739,,,,93717,151080,143757,,,
210,8018,740,,,,95457,154465,147055,,,
211,8108,741,,,,97196,157851,150352,,,
212,8198,742,,,,98936,161236,153650,,,
213,8288,743,,,,100676,164621,156947,,,
214,8378,744,,,,102416,168007,160245,,,
215,8468,745,,,,104156,171392,163543,,,
216,8558,746,,,,105896,174778,166840,,,
217,8648,747,,,,107636,178163,170138,,,
218,8738,748,,,,109376,181548,173435,,,
219,8828,749,,,,111116,184934,176733,,,
220,8918,750,,,,112856,188319,180031,,,
221,9008,756,,,,114595,191704,183328,,,
222,9098,762,,,,116335,195090,186626,,,
223,9188,768,,,,118075,198475,189923,,,
224,9278,774,,,,119815,201861,193221,,,
225,9368,780,,,,121555,205246,196519,,,
226,9458,786,,,,123295,208631,199816,,,
227,9548,793,,,,125035,212017,203114,,,
228,9638,799,,,,126775,215402,206411,,,
229,9728,805,,,,128515,218787,209709,,,
230,9818,811,,,,130255,222173,213007,,,
231,9908,817,,,,131994,225558,216304,,,
232,9998,823,,,,133734,228944,219602,,,
233,10088,829,,,,135474,232329,222899,,,
234,10178,836,,,,137214,235714,226197,,,
235,10268,842,,,,138954,239100,229495,,,
236,10358,848,,,,140694,242485,232792,,,
237,10448,854,,,,142434,245870,236090,,,
238,10538,860,,,,144174,249256,239387,,,
239,10628,866,,,,145914,252641,242685,,,
240,10718,873,,,,147654,256027,245983,,,
241,10868,882,,,,149396,261088,250941,,,
242,11018,892,,,,151137,266150,255900,,,
243,11168,902,,,,152879,271212,260858,,,
244,11318,912,,,,154621,276274,265817,,,
245,11468,921,,,,156363,281336,270776,,,
246,11618,931,,,,158105,286398,275734,,,
247,11768,941,,,,159847,291459,280693,,,
248,11918,950,,,,161746,296062,285200,,,
249,12068,960,,,,163645,300666,289707,,,
250,12218,970,,,,165544,305270,294214,,,
251,12368,980,,,,167757,308956,297819,,,
252,12518,990,,,,169970,312643,301423,,,
253,12668,1000,,,,172183,316329,305027,,,
254,12828,1009,,,,174396,320016,308631,,,
255,12968,1019,,,,176609,323702,312235,,,
256,13118,1029,,,,178823,327389,315839,,,
257,13268,1039,,,,181036,331075,319444,,,
258,13418,1048,,,,183106,334761,323048,,,
259,13568,1058,,,,185176,338448,326652,,,
260,13718,1067,,,,187246,342134,330256,,,
261,13868,1077,,,,189316,345821,333860,,,
262,14018,1087,,,,191387,349508,337464,,,
263,14168,1097,,,,193361,353194,341069,,,
264,14300,1107,,,,195336,356881,344673,,,
265,14310,1117,,,,197311,360567,348277,,,
266,14320,1126,,,,199286,364254,351881,,,
267,14330,1136,,,,201261,367940,355485,,,
268,14340,1145,,,,203377,371676,359139,,,
269,14350,1155,,,,205494,375412,362793,,,
270,14360,1165,,,,207611,379149,366448,,,
271,14370,1175,,,,210012,382986,370202,,,
272,14380,1184,,,,212271,386794,373948,,,
273,14390,1194,,,,214530,390602,377694,,,
274,14400,1204,,,,216789,394410,381440,,,
275,14410,1214,,,,219048,398218,385186,,,
276,14420,1223,,,,221307,402026,388932,,,
277,14430,1233,,,,223566,405834,392678,,,
278,14440,1243,,,,225825,409642,396424,,,
279,14450,1253,,,,228084,413450,400170,,,
280,14460,1262,,,,230343,417258,403916,,,
281,14470,1272,,,,232602,421066,407662,,,
282,14480,1282,,,,234861,424874,411408,,,
283,14490,1292,,,,237120,428682,415154,,,
284,14500,1301,,,,239379,432490,418900,,,
285,14510,1311,,,,241638,436298,422646,,,
286,14520,1321,,,,243897,440106,426392,,,
287,14530,1331,,,,246156,443914,430138,,,
288,14540,1341,,,,248415,447722,433884,,,
289,14550,1350,,,,250674,451530,437630,,,
290,14560,1360,,,,252934,455338,441376,,,
291,14570,1370,,,,255407,459146,444976,,,
292,14580,1380,,,,257881,462954,448576,,,
293,14590,1389,,,,260354,466762,452176,,,
294,14600,1399,,,,262828,470570,455777,,,
295,14610,1409,,,,265302,474378,459377,,,
296,14620,1419,,,,267775,478186,462977,,,
297,14630,1428,,,,270249,481994,466578,,,
298,14640,1438,,,,272722,485802,470178,,,
299,14650,1448,,,,275196,489610,473778,,,
300,14660,1458,,,,277670,493418,477379,,,
301,14670,1467,,,,280261,497226,480979,,,
302,14680,1477,,,,282860,501034,484618,,,
303,14690,1487,,,,285460,504842,488257,,,
304,14700,1497,,,,288060,508650,491896,,,
305,14710,1507,,,,290659,512458,495535,,,
306,14720,1516,,,,293259,516266,499174,,,
307,14730,1526,,,,295859,520074,502813,,,
308,14740,1536,,,,298458,523882,506452,,,
309,14750,1546,,,,301058,527690,510091,,,
310,14760,1555,,,,303658,531498,513730,,,
311,14770,1565,,,,306324,535306,517676,,,
312,14780,1575,,,,308990,539114,521622,,,
313,14790,1585,,,,311656,542922,525569,,,
314,14800,1594,,,,314322,546730,529514,,,
315,14810,1604,,,,316988,550538,533460,,,
316,14820,1614,,,,319654,554346,537406,,,
317,14830,1624,,,,322311,558154,541363,,,
318,14840,1634,,,,324976,561963,545311,,,
319,14850,1643,,,,327641,565993,549258,,,
320,14860,1653,,,,330432,570023,553206,,,
321,14870,1663,,,,333223,574054,557154,,,
322,14880,1664,,,,336014,578084,561102,,,
323,14890,1665,,,,338805,582114,565050,,,
324,14900,1667,,,,341597,586144,568997,,,
325,14910,1668,,,,344388,590174,572945,,,
326,14920,1669,,,,347179,594204,576893,,,
327,14930,1670,,,,349970,598234,580841,,,
328,14940,1671,,,,352761,602264,584788,,,
329,14950,1673,,,,355552,606294,588736,,,
330,14960,1674,,,,358599,610010,592390,,,
331,14970,1675,,,,361647,613726,596043,,,
332,14980,1676,,,,364694,617441,599697,,,
333,14990,1677,,,,367741,621157,603351,,,
334,15000,1678,,,,370787,624873,607005,,,
335,15010,1679,,,,373834,628589,610659,,,
336,15020,1680,,,,376660,632305,614312,,,
337,15030,1681,,,,379486,636021,617965,,,
338,15040,1682,,,,382312,639736,621618,,,
339,15050,1683,,,,385138,643452,625271,,,
340,15060,1684,,,,387964,647168,628925,,,
341,15070,1685,,,,389903,650884,632578,,,
342,15080,1686,,,,391843,654600,636232,,,
343,15090,1687,,,,393782,658316,639886,,,
344,15100,1688,,,,395722,662031,643540,,,
345,15110,1689,,,,397662,665747,647194,,,
346,15120,1690,,,,399601,669463,650847,,,
347,15130,1691,,,,401541,673179,654501,,,
348,15140,1692,,,,403480,676895,658155,,,
349,15150,1693,,,,405420,680611,661809,,,
350,15160,1694,,,,407360,684327,665463,,,
351,15170,1695,,,,409299,688365,669116,,,
352,15180,1696,,,,411239,692404,672770,,,
353,15190,1697,,,,413178,696443,676424,,,
354,15200,1698,,,,415118,700481,680077,,,
355,15210,1699,,,,417058,704520,683731,,,
356,15220,1700,,,,418997,708559,687385,,,
357,15230,1701,,,,420937,712598,691038,,,
358,15240,1702,,,,422876,716636,694692,,,
359,15250,1703,,,,424816,720675,698346,,,
360,15260,1704,,,,426756,724714,702000,,,
361,15270,1705,,,,428695,728752,705653,,,
362,15280,1706,,,,430635,732791,709307,,,
363,15290,1707,,,,432574,736830,712961,,,
364,15300,1708,,,,434514,740869,716615,,,
365,15310,1709,,,,436454,744907,720269,,,
366,15320,1710,,,,439044,748946,724393,,,
367,15330,1711,,,,441634,752985,728518,,,
368,15340,1712,,,,444224,757024,732642,,,
369,15350,1713,,,,446814,761062,736767,,,
370,15360,1714,,,,449404,765101,740891,,,
371,15370,1715,,,,451994,769140,745016,,,
372,15380,1716,,,,454584,773178,749140,,,
373,15390,1717,,,,457174,777217,753265,,,
374,15400,1718,,,,459764,781256,757389,,,
375,15410,1719,,,,462354,785295,761514,,,
376,15420,1720,,,,465593,789333,766110,,,
377,15430,1721,,,,468833,793372,770706,,,
378,15440,1722,,,,472073,797411,775302,,,
379,15450,1723,,,,475313,801450,779899,,,
380,15460,1724,,,,478553,806220,784495,,,
381,15470,1725,,,,478553,810251,788431,,,
382,15480,1725,,,,480334,814510,792424,,,
383,15490,1725,,,,482116,818770,796417,,,
384,15500,1725,,,,483898,823030,800410,,,
385,15510,1725,,,,485680,827290,804403,,,
386,15520,1725,,,,487462,831550,808397,,,
387,15530,1725,,,,489244,835809,812390,,,
388,15540,1725,,,,491026,840069,816383,,,
389,15550,1725,,,,492808,844329,820376,,,
390,15560,1725,,,,494590,848589,824369,,,
391,15570,1725,,,,496372,852849,828363,,,
392,15580,1725,,,,498154,857109,832356,,,
393,15590,1725,,,,499936,861368,836349,,,
394,15600,1725,,,,501718,865628,840342,,,
395,15610,1725,,,,503500,869888,844335,,,
396,15620,1725,,,,505282,874148,848329,,,
397,15630,1725,,,,507064,878408,852322,,,
398,15640,1725,,,,508846,882668,856315,,,
399,15650,1725,,,,510628,886927,860308,,,
400,15660,1725,,,,512410,891187,864301,,,
401,15670,1725,,,,514192,895447,868295,,,
402,15680,1725,,,,517432,899707,873378,,,
403,15690,1725,,,,520672,903967,878462,,,
404,15700,1725,,,,523913,908227,883546,,,
405,15710,1725,,,,527153,913509,888630,,,
406,15720,1725,,,,530393,918790,893713,,,
407,15730,1725,,,,533633,924072,898797,,,
408,15740,1725,,,,536873,929354,903881,,,
409,15750,1725,,,,540113,934635,908965,,,
410,15760,1725,,,,543353,939917,914049,,,
411,15770,1725,,,,546593,945198,919133,,,
412,15780,1725,,,,549833,950480,924217,,,
413,15790,1725,,,,553073,955761,929300,,,
414,15800,1725,,,,556313,961043,934384,,,
415,15810,1725,,,,559553,966325,939468,,,
416,15820,1725,,,,562793,971606,944552,,,
417,15830,1725,,,,566033,976888,949636,,,
418,15840,1725,,,,569273,982169,954720,,,
419,15850,1725,,,,572513,987451,959803,,,
420,15860,1725,,,,575753,992733,964887,,,
421,15870,1725,,,,578993,996906,968943,,,
422,15880,1725,,,,582233,1001079,972998,,,
423,15890,1725,,,,585473,1005253,977053,,,
424,15900,1725,,,,588713,1009426,981108,,,
425,15910,1725,,,,591953,1013600,985164,,,
426,15920,1725,,,,595193,1017773,989219,,,
427,15930,1725,,,,598433,1021947,993274,,,
428,15940,1725,,,,601673,1026120,997330,,,
429,15950,1725,,,,604913,1030294,1001385,,,
430,15960,1725,,,,608153,1034467,1005440,,,
431,15970,1725,,,,611393,1038641,1009496,,,
432,15980,1725,,,,614633,1042814,1013551,,,
433,15990,1725,,,,617873,1046988,1017606,,,
434,16000,1725,,,,621113,1051161,1021661,,,
435,16010,1725,,,,624353,1053335,1025717,,,
436,16020,1725,,,,627593,1059508,1029772,,,
437,16030,1725,,,,630833,1063682,1033827,,,
438,16040,1725,,,,634073,1067855,1037883,,,
439,16050,1725,,,,637313,1072029,1041938,,,
440,16060,1725,,,,640553,1076202,1045993,,,
441,16070,1725,,,,643793,1080841,1050481,,,
442,16080,1725,,,,647033,1085481,1054968,,,
443,16090,1725,,,,650273,1090120,1059456,,,
444,16100,1725,,,,653513,1094759,1063943,,,
445,16110,1725,,,,656753,1099398,1068430,,,
446,16120,1725,,,,659993,1104037,1072918,,,
447,16130,1725,,,,663233,1108676,1077405,,,
448,16140,1725,,,,666473,1113315,1081893,,,
449,16150,1725,,,,669713,1117954,1086380,,,
450,16160,1725,,,,672953,1122593,1090868,,,
451,16170,1725,,,,676193,1127232,1095355,,,
452,16180,1725,,,,679433,1131871,1099842,,,
453,16190,1725,,,,682673,1136510,1104329,,,
454,16200,1725,,,,685913,1141149,1108817,,,
455,16210,1725,,,,689153,1145788,1113304,,,
456,16220,1725,,,,692393,1150427,1117792,,,
457,16230,1725,,,,695633,1155066,1122279,,,
458,16240,1725,,,,698873,1159705,1126767,,,
459,16250,1725,,,,702113,1164344,1131254,,,
460,16260,1725,,,,705353,1168984,1135742,,,
461,16270,1725,,,,708593,1174781,1141304,,,
462,16280,1725,,,,711833,1180578,1146867,,,
463,16290,1725,,,,715073,1186376,1152429,,,
464,16300,1725,,,,718313,1192173,1157992,,,
465,16310,1725,,,,721553,1197970,1163555,,,
466,16320,1725,,,,724793,1203768,1169117,,,
467,16330,1725,,,,728033,1209565,1174680,,,
468,16340,1725,,,,731273,1215362,1180242,,,
469,16350,1725,,,,734513,1221160,1185805,,,
470,16360,1725,,,,737753,1226957,1191368,,,
471,16370,1725,,,,740993,1232754,1196930,,,
472,16380,1725,,,,744233,1238552,1202493,,,
473,16390,1725,,,,747473,1244349,1208056,,,
474,16400,1725,,,,750713,1250146,1213618,,,
475,16410,1725,,,,753953,1255944,1219181,,,
476,16420,1725,,,,757193,1261741,1224743,,,
477,16430,1725,,,,760433,1267538,1230306,,,
478,16440,1725,,,,763673,1273336,1235869,,,
479,16450,1725,,,,766913,1279133,1241431,,,
480,16460,1725,,,,770153,1284930,1246994,,,
481,16470,1725,,,,773393,1290728,1252557,,,
482,16480,1725,,,,776633,1295554,1257218,,,
483,16490,1725,,,,779873,1300381,1261879,,,
484,16500,1725,,,,783113,1305208,1266541,,,
485,16510,1725,,,,786353,1310034,1271202,,,
486,16520,1725,,,,789593,1314861,1275864,,,
487,16530,1725,,,,792833,1319688,1280525,,,
488,16540,1725,,,,796073,1324514,1285187,,,
489,16550,1725,,,,799313,1329341,1289848,,,
490,16560,1725,,,,802553,1334168,1294510,,,
491,16570,1725,,,,805793,1338994,1299171,,,
492,16580,1725,,,,809033,1343821,1303833,,,
493,16590,1725,,,,812273,1348647,1308494,,,
494,16600,1725,,,,815513,1353474,1313156,,,
495,16610,1725,,,,818753,1358301,1317818,,,
496,16620,1725,,,,821993,1363127,1322479,,,
497,16630,1725,,,,825233,1367954,1327141,,,
498,16640,1725,,,,828473,1372780,1331802,,,
499,16650,1725,,,,831713,1377607,1336464,,,
500,16660,1725,,,,834953,1382434,1341126,,,
501,16670,1725,,,,839992,1387261,1345788,,,
502,16680,1725,,,,845031,1392088,1350450,,,
503,16690,1725,,,,850070,1396915,1355112,,,
504,16700,1725,,,,855109,1401742,1359774,,,
505,16710,1725,,,,860148,1406569,1364436,,,
506,16720,1725,,,,865187,1411396,1369098,,,
507,16730,1725,,,,870226,1416223,1373760,,,
508,16740,1725,,,,875265,1421050,1378422,,,
509,16750,1725,,,,880304,1425877,1383084,,,
510,16760,1725,,,,885343,1430704,1387746,,,
511,16770,1725,,,,890382,1435531,1392408,,,
512,16780,1725,,,,895421,1440358,1397070,,,
513,16790,1725,,,,900460,1445185,1401732,,,
514,16800,1725,,,,905499,1450012,1406394,,,
515,16810,1725,,,,910538,1454839,1411056,,,
516,16820,1725,,,,915577,1459666,1415718,,,
517,16830,1725,,,,920616,1464493,1420380,,,
518,16840,1725,,,,925655,1469320,1425042,,,
519,16850,1725,,,,930694,1474147,1429704,,,
520,16860,1725,,,,935733,1478974,1434366,,,
521,16870,1725,,,,940772,1483801,1439028,,,
522,16880,1725,,,,945811,1488628,1443690,,,
523,16890,1725,,,,950850,1493455,1448352,,,
524,16900,1725,,,,955889,1498282,1453014,,,
525,16910,1725,,,,960928,1503109,1457676,,,
526,16920,1725,,,,965967,1507936,1462338,,,
527,16930,1725,,,,971006,1512763,1467000,,,
528,16940,1725,,,,976045,1517590,1471662,,,
529,16950,1725,,,,981084,1522417,1476324,,,
530,16960,1725,,,,986123,1527244,1480986,,,
531,16970,1725,,,,991162,1532071,1485648,,,
532,16980,1725,,,,996201,1536898,1490310,,,
533,16990,1725,,,,1001240,1541725,1494972,,,
534,17000,1725,,,,1006279,1546552,1499634,,,
535,17010,1725,,,,1011318,1551379,1504296,,,
536,17020,1725,,,,1016357,1556206,1508958,,,
537,17030,1725,,,,1021396,1561033,1513620,,,
538,17040,1725,,,,1026435,1565860,1518282,,,
539,17050,1725,,,,1031474,1570687,1522944,,,
540,17060,1725,,,,1036513,1575514,1527606,,,
541,17070,1725,,,,1041552,1580341,1532268,,,
542,17080,1725,,,,1046591,1585168,1536930,,,
543,17090,1725,,,,1051630,1589995,1541592,,,
544,17100,1725,,,,1056669,1594822,1546254,,,
545,17110,1725,,,,1061708,1599649,1550916,,,
546,17120,1725,,,,1066747,1604476,1555578,,,
547,17130,1725,,,,1071786,1609303,1560240,,,
548,17140,1725,,,,1076825,1614130,1564902,,,
549,17150,1725,,,,1081864,1618957,1569564,,,
550,17160,1725,,,,1086903,1623784,1574226,,,
551,17170,1725,,,,1091942,1628611,1578888,,,
552,17180,1725,,,,1096981,1633438,1583550,,,
553,17190,1725,,,,1102020,1638265,1588212,,,
554,17200,1725,,,,1107059,1643092,1592874,,,
555,17210,1725,,,,1112098,1647919,1597536,,,
556,17220,1725,,,,1117137,1652746,1602198,,,
557,17230,1725,,,,1122176,1657573,1606860,,,
558,17240,1725,,,,1127215,1662400,1611522,,,
559,17250,1725,,,,1132254,1667227,1616184,,,
560,17260,1725,,,,1137293,1672054,1620846,,,
561,17270,1725,,,,1142332,1676994,1625508,,,
562,17280,1725,,,,1147371,1681935,1630170,,,
563,17290,1725,,,,1152410,1686876,1634832,,,
564,17300,1725,,,,1157449,1691817,1639494,,,
565,17310,1725,,,,1162488,1696758,1644156,,,
566,17320,1725,,,,1167527,1701699,1648818,,,
567,17330,1725,,,,1172566,1706640,1653480,,,
568,17340,1725,,,,1177605,1711581,1658142,,,
569,17350,1725,,,,1182644,1716522,1662804,,,
570,17360,1725,,,,1187683,1721463,1667466,,,
571,17370,1725,,,,1192722,1726404,1672128,,,
572,17380,1725,,,,1197761,1731345,1676790,,,
573,17390,1725,,,,1202800,1736286,1681618,,,
574,17400,1725,,,,1207839,1741227,1686447,,,
575,17410,1725,,,,1212878,1746168,1691276,,,
576,17420,1725,,,,1217917,1751109,1696105,,,
577,17430,1725,,,,1222956,1756050,1700934,,,
578,17440,1725,,,,1227995,1760991,1705762,,,
579,17450,1725,,,,1233034,1765932,1710591,,,
580,17460,1725,,,,1238073,1770873,1715420,,,
581,17470,1725,,,,1243112,1775814,1720249,,,
582,17480,1725,,,,1248151,1780755,1725078,,,
583,17490,1725,,,,1253190,1785696,1729907,,,
584,17500,1725,,,,1258229,1790637,1734735,,,
585,17510,1725,,,,1263268,1795578,1739564,,,
586,17520,1725,,,,1268307,1800519,1744393,,,
587,17530,1725,,,,1273346,1805460,1749222,,,
588,17540,1725,,,,1278385,1810401,1754051,,,
589,17550,1725,,,,1283424,1815342,1758880,,,
590,17560,1725,,,,1288463,1820283,1763708,,,
591,17570,1725,,,,1293502,1825224,1768537,,,
592,17580,1725,,,,1298541,1830165,1773366,,,
593,17590,1725,,,,1303580,1835106,1778195,,,
594,17600,1725,,,,1308619,1840047,1783024,,,
595,17610,1725,,,,1313658,1844988,1787853,,,
596,17620,1725,,,,1318697,1849929,1792681,,,
597,17630,1725,,,,1323736,1854870,1797510,,,
598,17640,1725,,,,1328775,1859811,1802339,,,
599,17650,1725,,,,1333814,1864752,1807168,,,
600,17660,1725,,,,1338853,1869693,1811997,,,
601,17670,1725,,,,1343892,1874634,1816826,,,
602,17680,1725,,,,1348931,1884134,1826326,,,
603,17690,1725,,,,1353970,1893634,1835826,,,
604,17700,1725,,,,1359009,1903134,1845326,,,
605,17710,1725,,,,1364048,1912634,1854826,,,
606,17720,1725,,,,1369087,1922134,1864326,,,
607,17730,1725,,,,1374126,1931634,1873826,,,
608,17740,1725,,,,1379165,1941134,1883326,,,
609,17750,1725,,,,1384204,1950634,1892826,,,
610,17760,1725,,,,1389243,1960134,1902326,,,
611,17770,1725,,,,1394282,1969634,1911826,,,
612,17780,1725,,,,1399321,1979134,1921326,,,
613,17790,1725,,,,1404360,1988634,1930826,,,
614,17800,1725,,,,1409399,1998134,1940326,,,
615,17810,1725,,,,1414438,2007634,1949826,,,
616,17820,1725,,,,1419477,2017134,1959326,,,
617,17830,1725,,,,1424516,2026634,1968826,,,
618,17840,1725,,,,1429555,2036134,1978326,,,
619,17850,1725,,,,1434594,2045634,1987826,,,
620,17860,1725,,,,1439633,2055134,1997326,,,
621,17870,1725,,,,1444672,2064634,2006826,,,
622,17880,1725,,,,1449711,2074134,2016326,,,
623,17890,1725,,,,1454750,2083634,2025826,,,
624,17900,1725,,,,1459789,2093134,2035326,,,
625,17910,1725,,,,1464828,2102634,2044826,,,
626,17920,1725,,,,1469867,2112134,2054326,,,
627,17930,1725,,,,1474906,2121634,2063826,,,
628,17940,1725,,,,1479945,2131134,2073326,,,
629,17950,1725,,,,1484984,2140634,2082826,,,
630,17960,1725,,,,1490023,2150134,2092326,,,
631,17970,1725,,,,1495062,2159634,2101826,,,
632,17980,1725,,,,1500101,2169134,2111326,,,
633,17990,1725,,,,1505140,2178634,2120826,,,
634,18000,1725,,,,1510179,2188134,2130326,,,
635,18010,1725,,,,1515218,2197634,2139826,,,
636,18020,1725,,,,1520257,2207134,2149326,,,
637,18030,1725,,,,1525296,2216634,2158826,,,
638,18040,1725,,,,1530335,2226134,2168326,,,
639,18050,1725,,,,1535374,2235634,2177826,,,
640,18060,1725,,,,1540413,2245134,2187326,,,
641,18070,1725,,,,1545452,2254634,2196826,,,
642,18080,1725,,,,1550491,2264134,2206326,,,
643,18090,1725,,,,1555530,2273634,2215826,,,
644,18100,1725,,,,1560569,2283134,2225326,,,
645,18110,1725,,,,1565608,2292634,2234826,,,
646,18120,1725,,,,1570647,2302134,2244326,,,
647,18130,1725,,,,1575686,2311634,2253826,,,
648,18140,1725,,,,1580725,2321134,2263326,,,
649,18150,1725,,,,1585764,2330625,2272825,,,
650,18160,1725,,,,1590803,2340117,2282325,,,
651,18170,1725,,,,1595843,2349609,2291825,,,
652,18180,1725,,,,1600882,2359101,2301324,,,
653,18190,1725,,,,1605921,2368593,2310824,,,
654,18200,1725,,,,1610961,2378085,2320324,,,
655,18210,1725,,,,1616000,2387577,2329823,,,
656,18220,1725,,,,1621039,2397069,2339323,,,
657,18230,1725,,,,1626079,2406561,2348823,,,
658,18240,1725,,,,1631118,2416053,2358322,,,
659,18250,1725,,,,1636157,2425545,2367822,,,
660,18260,1725,,,,1641197,2435037,2377322,,,
661,18270,1725,,,,1646241,2444547,2386815,,,
662,18280,1725,,,,1651286,2454058,2396309,,,
663,18290,1725,,,,1656330,2463568,2405802,,,
664,18300,1725,,,,1661375,2473079,2415296,,,
665,18310,1725,,,,1666420,2482590,2424790,,,
666,18320,1725,,,,1671451,2492101,2434299,,,
667,18330,1725,,,,1676482,2501612,2443808,,,
668,18340,1725,,,,1681513,2511123,2453317,,,
669,18350,1725,,,,1686544,2520634,2462826,,,
670,18360,1725,,,,1691600,2530114,2472299,,,
671,18370,1725,,,,1696636,2539618,2481804,,,
672,18380,1725,,,,1701672,2549122,2491309,,,
673,18390,1725,,,,1706708,2558626,2500814,,,
674,18400,1725,,,,1711744,2568130,2510319,,,
675,18410,1725,,,,1716780,2577635,2519824,,,
676,18420,1725,,,,1721814,2587135,2529329,,,
677,18430,1725,,,,1726848,2596635,2538834,,,
678,18440,1725,,,,1731883,2606135,2548339,,,
679,18450,1725,,,,1736917,2615635,2557844,,,
680,18460,1725,,,,1741952,2625135,2567349,,,
681,18470,1725,,,,1747064,2634635,2576846,,,
682,18480,1725,,,,1752176,2644135,2586344,,,
683,18490,1725,,,,1757289,2653635,2595842,,,
684,18500,1725,,,,1762401,2663135,2605339,,,
685,18510,1725,,,,1767513,2672635,2614837,,,
686,18520,1725,,,,1772626,2682135,2624335,,,
687,18530,1725,,,,1777738,2691635,2633832,,,
688,18540,1725,,,,1782850,2701135,2643330,,,
689,18550,1725,,,,1787963,2710635,2652828,,,
690,18560,1725,,,,1793075,2720135,2662325,,,
691,18570,1725,,,,1798187,2729635,2671823,,,
692,18580,1725,,,,1803300,2739135,2681321,,,
693,18590,1725,,,,1808412,2748635,2690818,,,
694,18600,1725,,,,1813524,2758135,2700316,,,
695,18610,1725,,,,1818637,2767635,2709814,,,
696,18620,1725,,,,1823749,2777135,2719311,,,
697,18630,1725,,,,1828861,2786635,2728809,,,
698,18640,1725,,,,1833974,2796135,2738307,,,
699,18650,1725,,,,1839086,2805635,2747804,,,
700,18660,1725,,,,1844198,2815135,2757302,,,
701,18670,1725,,,,1849311,2824635,2766800,,,
702,18680,1725,,,,1855849,2834135,2776301,,,
703,18690,1725,,,,1862387,2843635,2785802,,,
704,18700,1725,,,,1868925,2853135,2795303,,,
705,18710,1725,,,,1875463,2862635,2804805,,,
706,18720,1725,,,,1882001,2872135,2814306,,,
707,18730,1725,,,,1888539,2881635,2823807,,,
708,18740,1725,,,,1895077,2891135,2833308,,,
709,18750,1725,,,,1901615,2900635,2842810,,,
710,18760,1725,,,,1908153,2910135,2852311,,,
711,18770,1725,,,,1914691,2919635,2861812,,,
712,18780,1725,,,,1921229,2929135,2871313,,,
713,18790,1725,,,,1927767,2938635,2880815,,,
714,18800,1725,,,,1934305,2948135,2890316,,,
715,18810,1725,,,,1940843,2957635,2899817,,,
716,18820,1725,,,,1947381,2967135,2909319,,,
717,18830,1725,,,,1953919,2976635,2918820,,,
718,18840,1725,,,,1960457,2986135,2928321,,,
719,18850,1725,,,,1966995,2995635,2937822,,,
720,18860,1725,,,,1973533,3005135,2947323,,,
721,18870,1725,,,,1980071,3014635,2956824,,,
722,18880,1725,,,,1986609,3024136,2966325,,,
723,18890,1725,,,,1993147,3033637,2975827,,,
724,18900,1725,,,,1999685,3043139,2985329,,,
725,18910,1725,,,,2006223,3052641,2994830,,,
726,18920,1725,,,,2012761,3062142,3004332,,,
727,18930,1725,,,,2019299,3071643,3013834,,,
728,18940,1725,,,,2025837,3081144,3023336,,,
729,18950,1725,,,,2032375,3090646,3032838,,,
730,18960,1725,,,,2038913,3100149,3042340,,,
731,18970,1725,,,,2045451,3109651,3051840,,,
732,18980,1725,,,,2051989,3119154,3061341,,,
733,18990,1725,,,,2058527,3128655,3070841,,,
734,19000,1725,,,,2065065,3138156,3080341,,,
735,19010,1725,,,,2071604,3147658,3089842,,,
736,19020,1725,,,,2078142,3157159,3099342,,,
737,19030,1725,,,,2084680,3166660,3108842,,,
738,19040,1725,,,,2091219,3176162,3118343,,,
739,19050,1725,,,,2097757,3185663,3127843,,,
740,19060,1725,,,,2104295,3195164,3137343,,,
741,19070,1725,,,,2110834,3204666,3146844,,,
742,19080,1725,,,,2117372,3214167,3156344,,,
743,19090,1725,,,,2123910,3223668,3165844,,,
744,19100,1725,,,,2130449,3233170,3175345,,,
745,19110,1725,,,,2136987,3242671,3184845,,,
746,19120,1725,,,,2143525,3252172,3194345,,,
747,19130,1725,,,,2150064,3261674,3203846,,,
748,19140,1725,,,,2156602,3271175,3213346,,,
749,19150,1725,,,,2163140,3280676,3222846,,,
750,19160,1725,,,,2169679,3290178,3232347,,,
751,19170,1725,,,,2176217,3299679,3241847,,,
752,19180,1725,,,,2182755,3309180,3251347,,,
753,19190,1725,,,,2189294,3318682,3260848,,,
754,19200,1725,,,,2195832,3328183,3270348,,,
755,19210,1725,,,,2202370,3337684,3279848,,,
756,19220,1725,,,,2208909,3347186,3289349,,,
757,19230,1725,,,,2215447,3356687,3298849,,,
758,19240,1725,,,,2221985,3366188,3308349,,,
759,19250,1725,,,,2228524,3375690,3317850,,,
760,19260,1725,,,,2235062,3385191,3327350,,,
761,19270,1725,,,,2241600,3394692,3336850,,,
762,19280,1725,,,,2248139,3404194,3346351,,,
763,19290,1725,,,,2254677,3413695,3355851,,,
764,19300,1725,,,,2261215,3423196,3365351,,,
765,19310,1725,,,,2267754,3432698,3374852,,,
766,19320,1725,,,,2274292,3442199,3384352,,,
767,19330,1725,,,,2280830,3451700,3393852,,,
768,19340,1725,,,,2287369,3461202,3403353,,,
769,19350,1725,,,,2293907,3470703,3412853,,,
770,19360,1725,,,,2300445,3480204,3422353,,,
771,19370,1725,,,,2306984,3489706,3431854,,,
772,19380,1725,,,,2313522,3499207,3441354,,,
773,19390,1725,,,,2320060,3508708,3450854,,,
774,19400,1725,,,,2326599,3518210,3460355,,,
775,19410,1725,,,,2333137,3527711,3469855,,,
776,19420,1725,,,,2339675,3537212,3479355,,,
777,19430,1725,,,,2346214,3546714,3488856,,,
778,19440,1725,,,,2352752,3556215,3498356,,,
779,19450,1725,,,,2359290,3565716,3507856,,,
780,19460,1725,,,,2365829,3575218,3517357,,,
781,19470,1725,,,,2372367,3584719,3526857,,,
782,19480,1725,,,,2378905,3594220,3536357,,,
783,19490,1725,,,,2385444,3603722,3545858,,,
784,19500,1725,,,,2391982,3613223,3555358,,,
785,19510,1725,,,,2398520,3622724,3564858,,,
786,19520,1725,,,,2405059,3632226,3574359,,,
787,19530,1725,,,,2411597,3641727,3583859,,,
788,19540,1725,,,,2418135,3651228,3593359,,,
789,19550,1725,,,,2424674,3660730,3602860,,,
790,19560,1725,,,,2431212,3670231,3612360,,,
791,19570,1725,,,,2437750,3679732,3621860,,,
792,19580,1725,,,,2444289,3689234,3631361,,,
793,19590,1725,,,,2450827,3698735,3640861,,,
794,19600,1725,,,,2457365,3708236,3650361,,,
795,19610,1725,,,,2463904,3717738,3659862,,,
796,19620,1725,,,,2470442,3727239,3669362,,,
797,19630,1725,,,,2476980,3736740,3678862,,,
798,19640,1725,,,,2483519,3746242,3688363,,,
799,19650,1725,,,,2490057,3755743,3697863,,,
800,19660,1725,,,,2496595,3765244,3707363,,,
801,19670,1725,,,,2503134,3774746,3716864,,,
802,19680,1725,,,,2509672,3784247,3726364,,,
803,19690,1725,,,,2516210,3793748,3735864,,,
804,19700,1725,,,,2522749,3803250,3745365,,,
805,19710,1725,,,,2529287,3812751,3754865,,,
806,19720,1725,,,,2535825,3822252,3764365,,,
807,19730,1725,,,,2542364,3831754,3773866,,,
808,19740,1725,,,,2548902,3841255,3783366,,,
809,19750,1725,,,,2555440,3850756,3792866,,,
810,19760,1725,,,,2561979,3860258,3802367,,,
811,19770,1725,,,,2568517,3869759,3811867,,,
812,19780,1725,,,,2575055,3879260,3821367,,,
813,19790,1725,,,,2581594,3888762,3830868,,,
814,19800,1725,,,,2588132,3898263,3840368,,,
815,19810,1725,,,,2594670,3907764,3849868,,,
816,19820,1725,,,,2601209,3917266,3859369,,,
817,19830,1725,,,,2607747,3926767,3868869,,,
818,19840,1725,,,,2614285,3936268,3878369,,,
819,19850,1725,,,,2620824,3945770,3887870,,,
820,19860,1725,,,,2627362,3955271,3897370,,,
821,19870,1725,,,,2633900,3964772,3906870,,,
822,19880,1725,,,,2640439,3974274,3916371,,,
823,19890,1725,,,,2646977,3983775,3925871,,,
824,19900,1725,,,,2653515,3993276,3935371,,,
825,19910,1725,,,,2660054,4002778,3944872,,,
826,19920,1725,,,,2666592,4012279,3954372,,,
827,19930,1725,,,,2673130,4021780,3963872,,,
828,19940,1725,,,,2679669,4031282,3973373,,,
829,19950,1725,,,,2686207,4040783,3982873,,,
830,19960,1725,,,,2692745,4050284,3992373,,,
831,19970,1725,,,,2699284,4059786,4001874,,,
832,19980,1725,,,,2705822,4069287,4011374,,,
833,19990,1725,,,,2712360,4078788,4020874,,,
834,20000,1725,,,,2718899,4088290,4030375,,,
835,20010,1725,,,,2725437,4097791,4039875,,,
836,20020,1725,,,,2731975,4107292,4049375,,,
837,20030,1725,,,,2738514,4116794,4058876,,,
838,20040,1725,,,,2745052,4126295,4068376,,,
839,20050,1725,,,,2751590,4135796,4077876,,,
840,20060,1725,,,,2758129,4145298,4087377,,,
841,20070,1725,,,,2764667,4154799,4096877,,,
842,20080,1725,,,,2771205,4164300,4106377,,,
843,20090,1725,,,,2777744,4173802,4115878,,,
844,20100,1725,,,,2784282,4183303,4125378,,,
845,20110,1725,,,,2790820,4192804,4134878,,,
846,20120,1725,,,,2797359,4202306,4144379,,,
847,20130,1725,,,,2803897,4211807,4153879,,,
848,20140,1725,,,,2810435,4221308,4163379,,,
849,20150,1725,,,,2816974,4230810,4172880,,,
850,20160,1725,,,,2823512,4240311,4182380,,,
851,20170,1725,,,,2830050,4249812,4191880,,,
852,20180,1725,,,,2836589,4259314,4201381,,,
853,20190,1725,,,,2843127,4268815,4210881,,,
854,20200,1725,,,,2849665,4278316,4220381,,,
855,20210,1725,,,,2856204,4287818,4229882,,,
856,20220,1725,,,,2862742,4297319,4239382,,,
857,20230,1725,,,,2869280,4306820,4248882,,,
858,20240,1725,,,,2875819,4316322,4258383,,,
859,20250,1725,,,,2882357,4325823,4267883,,,
860,20260,1725,,,,2888895,4335324,4277383,,,
861,20270,1725,,,,2895434,4344826,4286884,,,
862,20280,1725,,,,2901972,4354327,4296384,,,
863,20290,1725,,,,2908510,4363828,4305884,,,
864,20300,1725,,,,2915049,4373330,4315385,,,
865,20310,1725,,,,2921587,4382831,4324885,,,
866,20320,1725,,,,2928125,4392332,4334385,,,
867,20330,1725,,,,2934664,4401834,4343886,,,
868,20340,1725,,,,2941202,4411335,4353386,,,
869,20350,1725,,,,2947740,4420836,4362886,,,
870,20360,1725,,,,2954279,4430338,4372387,,,
871,20370,1725,,,,2960817,4439839,4381887,,,
872,20380,1725,,,,2967355,4449340,4391387,,,
873,20390,1725,,,,2973894,4458842,4400888,,,
874,20400,1725,,,,2980432,4468343,4410388,,,
875,20410,1725,,,,2986970,4477844,4419888,,,
876,20420,1725,,,,2993509,4487346,4429389,,,
877,20430,1725,,,,3000047,4496847,4438889,,,
878,20440,1725,,,,3006585,4506348,4448389,,,
879,20450,1725,,,,3013124,4515850,4457890,,,
880,20460,1725,,,,3019662,4525351,4467390,,,
881,20470,1725,,,,3026200,4534852,4476890,,,
882,20480,1725,,,,3032739,4544354,4486391,,,
883,20490,1725,,,,3039277,4553855,4495891,,,
884,20500,1725,,,,3045815,4563356,4505391,,,
885,20510,1725,,,,3052354,4572858,4514892,,,
886,20520,1725,,,,3058892,4582359,4524392,,,
887,20530,1725,,,,3065430,4591860,4533892,,,
888,20540,1725,,,,3071969,4601362,4543393,,,
889,20550,1725,,,,3078507,4610863,4552893,,,
890,20560,1725,,,,3085045,4620364,4562393,,,
891,20570,1725,,,,3091584,4629866,4571894,,,
892,20580,1725,,,,3098122,4639367,4581394,,,
893,20590,1725,,,,3104660,4648868,4590894,,,
894,20600,1725,,,,3111199,4658370,4600395,,,
895,20610,1725,,,,3117737,4667871,4609895,,,
896,20620,1725,,,,3124275,4677372,4619395,,,
897,20630,1725,,,,3130814,4686874,4628896,,,
898,20640,1725,,,,3137352,4696375,4638396,,,
899,20650,1725,,,,3143890,4705876,4647896,,,
900,20660,1725,,,,3150429,4715378,4657397,,,
